<configuration>
	<property>
		<name>user.name</name>
		<value>cloudera</value>
	</property>
	<property>
		<name>nameNode</name>
		<value>hdfs://quickstart.cloudera:8020</value>
	</property>
	<property>
		<name>jobTracker</name>
		<value>quickstart.cloudera:8032</value>
	</property>
	<property>
		<name>oozie.wf.application.path</name>
		<value>${nameNode}/app</value>
	</property>
	<property>
		<name>oozie.use.system.libpath</name>
		<value>true</value>
	</property>
	<property>
		<name>processDir</name>
		<value>${nameNode}/data/aggregated_data/</value>
	</property>
	<property>
		<name>station</name>
		<value></value>
	</property>
	<property>
		<name>measure</name>
		<value>TAVG</value>
	</property>
	<property>
		<name>dim1</name>
		<value>MONTH</value>
	</property>
	<property>
		<name>dim2</name>
		<value>void</value>
	</property>
</configuration>
